[{"model": "admin.logentry", "pk": 1, "fields": {"action_time": "2024-09-22T14:17:41.019Z", "user": 1, "content_type": 3, "object_id": "1", "object_repr": "Admin", "action_flag": 1, "change_message": "[{\"added\": {}}]"}}, {"model": "admin.logentry", "pk": 2, "fields": {"action_time": "2024-09-22T14:18:41.816Z", "user": 1, "content_type": 3, "object_id": "2", "object_repr": "Lecturer", "action_flag": 1, "change_message": "[{\"added\": {}}]"}}, {"model": "admin.logentry", "pk": 3, "fields": {"action_time": "2024-09-22T14:18:59.566Z", "user": 1, "content_type": 3, "object_id": "3", "object_repr": "Student", "action_flag": 1, "change_message": "[{\"added\": {}}]"}}, {"model": "admin.logentry", "pk": 4, "fields": {"action_time": "2024-09-22T14:19:23.006Z", "user": 1, "content_type": 4, "object_id": "2", "object_repr": "ysjung", "action_flag": 1, "change_message": "[{\"added\": {}}]"}}, {"model": "admin.logentry", "pk": 5, "fields": {"action_time": "2024-09-22T14:19:35.905Z", "user": 1, "content_type": 4, "object_id": "2", "object_repr": "ysjung", "action_flag": 2, "change_message": "[{\"changed\": {\"fields\": [\"Groups\"]}}]"}}, {"model": "admin.logentry", "pk": 6, "fields": {"action_time": "2024-09-22T14:19:53.077Z", "user": 1, "content_type": 4, "object_id": "3", "object_repr": "alex", "action_flag": 1, "change_message": "[{\"added\": {}}]"}}, {"model": "admin.logentry", "pk": 7, "fields": {"action_time": "2024-09-22T14:20:01.167Z", "user": 1, "content_type": 4, "object_id": "3", "object_repr": "alex", "action_flag": 2, "change_message": "[{\"changed\": {\"fields\": [\"Groups\"]}}]"}}, {"model": "auth.permission", "pk": 1, "fields": {"name": "Can add log entry", "content_type": 1, "codename": "add_logentry"}}, {"model": "auth.permission", "pk": 2, "fields": {"name": "Can change log entry", "content_type": 1, "codename": "change_logentry"}}, {"model": "auth.permission", "pk": 3, "fields": {"name": "Can delete log entry", "content_type": 1, "codename": "delete_logentry"}}, {"model": "auth.permission", "pk": 4, "fields": {"name": "Can view log entry", "content_type": 1, "codename": "view_logentry"}}, {"model": "auth.permission", "pk": 5, "fields": {"name": "Can add permission", "content_type": 2, "codename": "add_permission"}}, {"model": "auth.permission", "pk": 6, "fields": {"name": "Can change permission", "content_type": 2, "codename": "change_permission"}}, {"model": "auth.permission", "pk": 7, "fields": {"name": "Can delete permission", "content_type": 2, "codename": "delete_permission"}}, {"model": "auth.permission", "pk": 8, "fields": {"name": "Can view permission", "content_type": 2, "codename": "view_permission"}}, {"model": "auth.permission", "pk": 9, "fields": {"name": "Can add group", "content_type": 3, "codename": "add_group"}}, {"model": "auth.permission", "pk": 10, "fields": {"name": "Can change group", "content_type": 3, "codename": "change_group"}}, {"model": "auth.permission", "pk": 11, "fields": {"name": "Can delete group", "content_type": 3, "codename": "delete_group"}}, {"model": "auth.permission", "pk": 12, "fields": {"name": "Can view group", "content_type": 3, "codename": "view_group"}}, {"model": "auth.permission", "pk": 13, "fields": {"name": "Can add user", "content_type": 4, "codename": "add_user"}}, {"model": "auth.permission", "pk": 14, "fields": {"name": "Can change user", "content_type": 4, "codename": "change_user"}}, {"model": "auth.permission", "pk": 15, "fields": {"name": "Can delete user", "content_type": 4, "codename": "delete_user"}}, {"model": "auth.permission", "pk": 16, "fields": {"name": "Can view user", "content_type": 4, "codename": "view_user"}}, {"model": "auth.permission", "pk": 17, "fields": {"name": "Can add content type", "content_type": 5, "codename": "add_contenttype"}}, {"model": "auth.permission", "pk": 18, "fields": {"name": "Can change content type", "content_type": 5, "codename": "change_contenttype"}}, {"model": "auth.permission", "pk": 19, "fields": {"name": "Can delete content type", "content_type": 5, "codename": "delete_contenttype"}}, {"model": "auth.permission", "pk": 20, "fields": {"name": "Can view content type", "content_type": 5, "codename": "view_contenttype"}}, {"model": "auth.permission", "pk": 21, "fields": {"name": "Can add session", "content_type": 6, "codename": "add_session"}}, {"model": "auth.permission", "pk": 22, "fields": {"name": "Can change session", "content_type": 6, "codename": "change_session"}}, {"model": "auth.permission", "pk": 23, "fields": {"name": "Can delete session", "content_type": 6, "codename": "delete_session"}}, {"model": "auth.permission", "pk": 24, "fields": {"name": "Can view session", "content_type": 6, "codename": "view_session"}}, {"model": "auth.permission", "pk": 25, "fields": {"name": "Can add student", "content_type": 7, "codename": "add_student"}}, {"model": "auth.permission", "pk": 26, "fields": {"name": "Can change student", "content_type": 7, "codename": "change_student"}}, {"model": "auth.permission", "pk": 27, "fields": {"name": "Can delete student", "content_type": 7, "codename": "delete_student"}}, {"model": "auth.permission", "pk": 28, "fields": {"name": "Can view student", "content_type": 7, "codename": "view_student"}}, {"model": "auth.permission", "pk": 29, "fields": {"name": "Can add lecturer", "content_type": 8, "codename": "add_lecturer"}}, {"model": "auth.permission", "pk": 30, "fields": {"name": "Can change lecturer", "content_type": 8, "codename": "change_lecturer"}}, {"model": "auth.permission", "pk": 31, "fields": {"name": "Can delete lecturer", "content_type": 8, "codename": "delete_lecturer"}}, {"model": "auth.permission", "pk": 32, "fields": {"name": "Can view lecturer", "content_type": 8, "codename": "view_lecturer"}}, {"model": "auth.permission", "pk": 33, "fields": {"name": "Can add semester", "content_type": 9, "codename": "add_semester"}}, {"model": "auth.permission", "pk": 34, "fields": {"name": "Can change semester", "content_type": 9, "codename": "change_semester"}}, {"model": "auth.permission", "pk": 35, "fields": {"name": "Can delete semester", "content_type": 9, "codename": "delete_semester"}}, {"model": "auth.permission", "pk": 36, "fields": {"name": "Can view semester", "content_type": 9, "codename": "view_semester"}}, {"model": "auth.permission", "pk": 37, "fields": {"name": "Can add course", "content_type": 10, "codename": "add_course"}}, {"model": "auth.permission", "pk": 38, "fields": {"name": "Can change course", "content_type": 10, "codename": "change_course"}}, {"model": "auth.permission", "pk": 39, "fields": {"name": "Can delete course", "content_type": 10, "codename": "delete_course"}}, {"model": "auth.permission", "pk": 40, "fields": {"name": "Can view course", "content_type": 10, "codename": "view_course"}}, {"model": "auth.permission", "pk": 41, "fields": {"name": "Can add class", "content_type": 11, "codename": "add_class"}}, {"model": "auth.permission", "pk": 42, "fields": {"name": "Can change class", "content_type": 11, "codename": "change_class"}}, {"model": "auth.permission", "pk": 43, "fields": {"name": "Can delete class", "content_type": 11, "codename": "delete_class"}}, {"model": "auth.permission", "pk": 44, "fields": {"name": "Can view class", "content_type": 11, "codename": "view_class"}}, {"model": "auth.permission", "pk": 45, "fields": {"name": "Can add college day", "content_type": 12, "codename": "add_collegeday"}}, {"model": "auth.permission", "pk": 46, "fields": {"name": "Can change college day", "content_type": 12, "codename": "change_collegeday"}}, {"model": "auth.permission", "pk": 47, "fields": {"name": "Can delete college day", "content_type": 12, "codename": "delete_collegeday"}}, {"model": "auth.permission", "pk": 48, "fields": {"name": "Can view college day", "content_type": 12, "codename": "view_collegeday"}}, {"model": "auth.permission", "pk": 49, "fields": {"name": "Can add attendance", "content_type": 13, "codename": "add_attendance"}}, {"model": "auth.permission", "pk": 50, "fields": {"name": "Can change attendance", "content_type": 13, "codename": "change_attendance"}}, {"model": "auth.permission", "pk": 51, "fields": {"name": "Can delete attendance", "content_type": 13, "codename": "delete_attendance"}}, {"model": "auth.permission", "pk": 52, "fields": {"name": "Can view attendance", "content_type": 13, "codename": "view_attendance"}}, {"model": "auth.group", "pk": 1, "fields": {"name": "Admin", "permissions": [1, 2, 3, 4, 49, 50, 51, 52, 41, 42, 43, 44, 45, 46, 47, 48, 37, 38, 39, 40, 29, 30, 31, 32, 33, 34, 35, 36, 25, 26, 27, 28, 9, 10, 11, 12, 5, 6, 7, 8, 13, 14, 15, 16, 17, 18, 19, 20, 21, 22, 23, 24]}}, {"model": "auth.group", "pk": 2, "fields": {"name": "Lecturer", "permissions": [49, 50, 51, 52, 44, 48, 40, 32, 36, 28]}}, {"model": "auth.group", "pk": 3, "fields": {"name": "Student", "permissions": [52]}}, {"model": "auth.user", "pk": 1, "fields": {"password": "pbkdf2_sha256$870000$LYZGLbao59NU2x9FJSIY55$5kvDTUrcN+Nnqq/K6EVgOvMmf0BXCHj4kDGDmfcVLTU=", "last_login": "2024-09-22T14:17:24.411Z", "is_superuser": true, "username": "admin", "first_name": "", "last_name": "", "email": "zend74@gmail.com", "is_staff": true, "is_active": true, "date_joined": "2024-09-22T14:06:12.675Z", "groups": [], "user_permissions": []}}, {"model": "auth.user", "pk": 2, "fields": {"password": "pbkdf2_sha256$870000$ZcY2HOsIgdvLlMLDWTkzvX$UR7HNQ9QHjLCG3peo6qX75iSEoG2lEfK24JZ0a2+rdE=", "last_login": "2024-09-22T14:20:34.716Z", "is_superuser": false, "username": "ysjung", "first_name": "", "last_name": "", "email": "", "is_staff": false, "is_active": true, "date_joined": "2024-09-22T14:19:22Z", "groups": [3], "user_permissions": []}}, {"model": "auth.user", "pk": 3, "fields": {"password": "pbkdf2_sha256$870000$XJryt9d7NxhRKX28W4Pu78$fkhKcPqURFys2pq2sj90kCtlgLLYF0CsZ7Yt5Hlt/cM=", "last_login": "2024-09-22T14:20:09.598Z", "is_superuser": false, "username": "alex", "first_name": "", "last_name": "", "email": "", "is_staff": false, "is_active": true, "date_joined": "2024-09-22T14:19:52Z", "groups": [2], "user_permissions": []}}, {"model": "contenttypes.contenttype", "pk": 1, "fields": {"app_label": "admin", "model": "logentry"}}, {"model": "contenttypes.contenttype", "pk": 2, "fields": {"app_label": "auth", "model": "permission"}}, {"model": "contenttypes.contenttype", "pk": 3, "fields": {"app_label": "auth", "model": "group"}}, {"model": "contenttypes.contenttype", "pk": 4, "fields": {"app_label": "auth", "model": "user"}}, {"model": "contenttypes.contenttype", "pk": 5, "fields": {"app_label": "contenttypes", "model": "contenttype"}}, {"model": "contenttypes.contenttype", "pk": 6, "fields": {"app_label": "sessions", "model": "session"}}, {"model": "contenttypes.contenttype", "pk": 7, "fields": {"app_label": "attendance", "model": "student"}}, {"model": "contenttypes.contenttype", "pk": 8, "fields": {"app_label": "attendance", "model": "lecturer"}}, {"model": "contenttypes.contenttype", "pk": 9, "fields": {"app_label": "attendance", "model": "semester"}}, {"model": "contenttypes.contenttype", "pk": 10, "fields": {"app_label": "attendance", "model": "course"}}, {"model": "contenttypes.contenttype", "pk": 11, "fields": {"app_label": "attendance", "model": "class"}}, {"model": "contenttypes.contenttype", "pk": 12, "fields": {"app_label": "attendance", "model": "collegeday"}}, {"model": "contenttypes.contenttype", "pk": 13, "fields": {"app_label": "attendance", "model": "attendance"}}, {"model": "sessions.session", "pk": "nmjv0wt7nhjc1sfwr78k1kkt4cpxy8pi", "fields": {"session_data": ".eJxVjDsOwjAQBe_iGllZ_2JT0nMGa9dr4wBypDipEHeHSCmgfTPzXiLitta49bzEicVZKHH63QjTI7cd8B3bbZZpbusykdwVedAurzPn5-Vw_w4q9vqtvQomBCQuYI0lQioMCUxBxaRhGOzIEDQ4hc4Xl3z2RZWsgcaESXvx_gDxIThb:1ssNRy:Lpau7MC18xGU8kPpD2ExkMYkfah5JgpCrHTevKhFt9Q", "expire_date": "2024-10-06T14:20:34.720Z"}}]
